id,employee_id,course_id,status,progress,score,started_at,completed_at
f442cc6b-e12c-4571-9b42-21fc18e38b2f,6b7caa54-6256-45fe-aff1-348f381337da,f302fe3e-31c5-4915-808e-410a682f704c,in_progress,65,,2026-08-20T13:04:18.302083,
2717bdb3-db6f-40ab-b0a6-6cadc421f37c,936fbdc1-749b-49b8-aa18-464519340237,60a64b4d-267c-4019-a4ad-d360e6ac7cfa,completed,100,97,2026-07-21T13:04:18.302263,2026-09-09T13:04:18.302267
14d09ee7-7096-46e4-a77a-c800648a9764,936fbdc1-749b-49b8-aa18-464519340237,a22d4dfa-88e7-4c75-999f-69e52a13f304,completed,100,82,2026-07-21T13:04:18.302279,2026-09-09T13:04:18.302283
e09349e8-a145-4c04-9021-3cbb1308c3fd,71aefff6-4688-4280-9027-ea1819a7b67c,f9fa5aa5-5d68-4596-b292-a0a88494e966,in_progress,30,,2026-07-21T13:04:18.302391,
0f64d61f-c9a0-45cb-a800-ca3a3f13b041,71aefff6-4688-4280-9027-ea1819a7b67c,81dd0ee3-e10b-4101-8dff-4519feb3505e,completed,100,99,2026-07-21T13:04:18.302402,2026-09-09T13:04:18.302404
63cf1869-e4f1-4336-9e41-6ad5252077e1,71aefff6-4688-4280-9027-ea1819a7b67c,ee16a668-6361-4736-9b8c-c789ba6e20ab,completed,100,75,2026-07-21T13:04:18.302413,2026-09-09T13:04:18.302416
57a1c823-c1b8-44a0-8a07-6af44870d897,cb7f9679-b154-4014-87a4-103446d722ca,403cef52-903e-4e6b-8020-8a1073931942,completed,100,89,2026-07-21T13:04:18.302496,2026-09-09T13:04:18.302499
36317ef6-0d94-42b2-beb9-6add9128b206,cb7f9679-b154-4014-87a4-103446d722ca,c5214322-4a8b-4d12-9c14-cf5359e47ac6,not_started,0,,,
b0b27909-96c5-4b9a-a101-fc614400e347,f72d9fd7-f7d3-472b-b1a4-c67528f5400b,a22d4dfa-88e7-4c75-999f-69e52a13f304,in_progress,41,,2026-07-21T13:04:18.302590,
53ddcbad-84b5-47d1-b8e8-a677b19d17ad,9904bdac-3b1d-48bc-b6e7-4cf8e69cb6ab,9eb91b97-0a69-4a72-b322-fe27e3bba47d,completed,100,90,2026-07-21T13:04:18.302674,2026-09-09T13:04:18.302678
713a52ca-7916-4d21-b8b6-72e286e83654,9904bdac-3b1d-48bc-b6e7-4cf8e69cb6ab,b26daf8f-6044-49d8-ae67-05f917958d40,completed,100,91,2026-07-21T13:04:18.302687,2026-09-09T13:04:18.302689
6d630dfa-4ebd-4289-9405-c12a110dadab,9904bdac-3b1d-48bc-b6e7-4cf8e69cb6ab,c92f47ae-6c01-4fae-8adc-2d882a1973d0,not_started,0,,,
80e30a32-c659-48a6-873d-c61a24648ad4,31bbc0ba-5f76-4ac3-993b-523a71236238,3a78d3a8-767b-4c57-ad89-199033ebade5,in_progress,24,,2026-07-21T13:04:18.302782,
963f749d-ad3c-40b6-b527-37a21b9cc228,31bbc0ba-5f76-4ac3-993b-523a71236238,a4005214-fea8-46f4-8b95-1e4ff4820aa0,not_started,0,,,
0043764d-5fb8-4e38-abec-969865b84e09,31bbc0ba-5f76-4ac3-993b-523a71236238,ee16a668-6361-4736-9b8c-c789ba6e20ab,completed,100,92,2026-07-21T13:04:18.302797,2026-09-09T13:04:18.302800
bb53d28f-8ea1-4f8d-b33f-706c52128b02,3b063408-d1c8-4b40-a67e-944326f81538,f302fe3e-31c5-4915-808e-410a682f704c,completed,100,78,2026-07-21T13:04:18.302886,2026-09-09T13:04:18.302889
6387fa4f-e656-44ac-bc21-a357239fb139,81d15c93-8452-47c9-9f21-faeb216c256d,403cef52-903e-4e6b-8020-8a1073931942,in_progress,78,,2026-07-21T13:04:18.302968,
4113eebd-96f1-48f1-8e37-646d2150f403,81d15c93-8452-47c9-9f21-faeb216c256d,f9fa5aa5-5d68-4596-b292-a0a88494e966,in_progress,13,,2026-07-21T13:04:18.302977,
42e8260b-c9ae-46c5-a1c4-e341bc4f82ad,fd72e86f-d8d2-4e82-98f2-91bd3938f647,3a78d3a8-767b-4c57-ad89-199033ebade5,in_progress,36,,2026-07-21T13:04:18.303070,
07a01d23-07fc-41db-95c5-968d4a3d9920,2771bbb8-4d72-413d-9d6a-32de6eebf13e,c92f47ae-6c01-4fae-8adc-2d882a1973d0,completed,100,97,2026-07-21T13:04:18.303142,2026-09-09T13:04:18.303145
21e79a35-79d4-4623-879f-c9dd3aa60c5a,2771bbb8-4d72-413d-9d6a-32de6eebf13e,81dd0ee3-e10b-4101-8dff-4519feb3505e,in_progress,73,,2026-07-21T13:04:18.303157,
d2ecec5f-e78b-453b-9bed-0c9864a4ad08,db560e71-ab6b-4dfb-8b84-57bb882816db,a22d4dfa-88e7-4c75-999f-69e52a13f304,in_progress,19,,2026-07-21T13:04:18.303247,
3c3700ac-a6c2-456c-91bc-9a6cda08a2d7,171852eb-6c3c-464f-9754-506908587dc8,60a64b4d-267c-4019-a4ad-d360e6ac7cfa,in_progress,26,,2026-07-21T13:04:18.303331,
92d42d19-b08f-46c1-b33f-5b20fae2466c,171852eb-6c3c-464f-9754-506908587dc8,d49f2b1e-7162-4fc3-867b-cc27977a3534,completed,100,92,2026-07-21T13:04:18.303340,2026-09-09T13:04:18.303343
fdb18f77-4985-48c9-975a-971bc555ec10,34730649-f503-48da-9442-d6b2a94f052d,80cd8535-077e-447a-bcd9-f9ed32fd175d,completed,100,76,2026-07-21T13:04:18.303422,2026-09-09T13:04:18.303425
b748c2e4-6989-4249-8434-0091f0195439,fa69d3e8-89d0-44cc-9615-98bfd7f4bf02,ee16a668-6361-4736-9b8c-c789ba6e20ab,not_started,0,,,
226cb018-f439-4a1a-b8a5-9bcf4e691325,fa69d3e8-89d0-44cc-9615-98bfd7f4bf02,c2728de9-c43e-4c45-a8e7-851c9646b3d9,completed,100,91,2026-07-21T13:04:18.303533,2026-09-09T13:04:18.303536
950884ac-1f80-4734-a314-07fb620f5053,972e0658-b17c-40ed-b2fc-38311c596393,403cef52-903e-4e6b-8020-8a1073931942,in_progress,53,,2026-07-21T13:04:18.303888,
cc9ebd39-44cb-46a0-ae10-a7940c15cca6,aefc9ec3-ab09-4fbd-80e8-b363bda255f9,b9577610-7cbc-4051-b5e3-027a5b1b134f,in_progress,85,,2026-07-21T13:04:18.304006,
d7ebbddf-902e-4a73-a711-5dabbd67621d,1b5655c3-5382-4630-b0ae-d446a5b2c1bb,9eb91b97-0a69-4a72-b322-fe27e3bba47d,not_started,0,,,
c7a9c09a-694f-4165-b5b0-051044dd4e88,1b5655c3-5382-4630-b0ae-d446a5b2c1bb,d49f2b1e-7162-4fc3-867b-cc27977a3534,in_progress,71,,2026-07-21T13:04:18.304087,
25b6c48d-6f16-49a2-924a-9a265c0e0c67,443e8054-600a-43e4-a79d-eb3b38635c70,c5214322-4a8b-4d12-9c14-cf5359e47ac6,in_progress,14,,2026-07-21T13:04:18.304177,
04c62124-09be-4b10-be66-c28b0ec495f5,443e8054-600a-43e4-a79d-eb3b38635c70,b9577610-7cbc-4051-b5e3-027a5b1b134f,not_started,0,,,
b5004cf2-a3ef-4c76-bd47-b3f3dd0a859d,28ec9785-c207-4879-8fcf-fea15706f472,9eb91b97-0a69-4a72-b322-fe27e3bba47d,not_started,0,,,
8c661231-5c75-4877-8e25-5cc225b1f8c5,28ec9785-c207-4879-8fcf-fea15706f472,a22d4dfa-88e7-4c75-999f-69e52a13f304,not_started,0,,,
c089bbf7-50aa-47b8-8df8-b5495ffd9787,28ec9785-c207-4879-8fcf-fea15706f472,fd7f160b-d24b-4d54-963c-ec5f364869da,completed,100,93,2026-07-21T13:04:18.304293,2026-09-09T13:04:18.304296
c811cc67-6ca2-4fa4-a7ad-ff8cd82be9f5,2b5097aa-efb4-4be9-8b6c-ed666a26860c,60a64b4d-267c-4019-a4ad-d360e6ac7cfa,in_progress,21,,2026-07-21T13:04:18.304378,
fd04b784-f4f0-487c-a95b-70f1b7f08881,2b5097aa-efb4-4be9-8b6c-ed666a26860c,b821b3d2-19c4-4502-9801-72d436fccf1d,in_progress,42,,2026-07-21T13:04:18.304386,
819e20ee-9056-4023-b891-691d06814a03,2b5097aa-efb4-4be9-8b6c-ed666a26860c,b26daf8f-6044-49d8-ae67-05f917958d40,in_progress,24,,2026-07-21T13:04:18.304395,
15d13740-fb2a-4723-8108-8e2dc2373b1f,e9800012-4d59-468e-aae3-5f4cecdbd09e,fd7f160b-d24b-4d54-963c-ec5f364869da,not_started,0,,,
007ad0c3-2105-41f3-b44a-74742a35aca1,e9800012-4d59-468e-aae3-5f4cecdbd09e,b821b3d2-19c4-4502-9801-72d436fccf1d,not_started,0,,,
1498c9bf-77be-4013-a3a1-c66cd6d55e9f,e9800012-4d59-468e-aae3-5f4cecdbd09e,c2728de9-c43e-4c45-a8e7-851c9646b3d9,not_started,0,,,
5cdd3222-8762-4b58-99c9-cd9768af2453,10cfcf51-44fd-482d-893a-3e1502ac458f,3a78d3a8-767b-4c57-ad89-199033ebade5,not_started,0,,,
37331811-46dd-44b0-aab0-343d51d44db1,10cfcf51-44fd-482d-893a-3e1502ac458f,c92f47ae-6c01-4fae-8adc-2d882a1973d0,in_progress,78,,2026-07-21T13:04:18.304597,
7ac2c266-d354-49dd-8cf5-7d38f850e86b,10cfcf51-44fd-482d-893a-3e1502ac458f,b9577610-7cbc-4051-b5e3-027a5b1b134f,in_progress,54,,2026-07-21T13:04:18.304605,
02a5b142-d10d-4c11-9a41-9b83712e11bf,a0e0d9ec-5ca1-49a8-82ea-8b5067ac3d31,a4005214-fea8-46f4-8b95-1e4ff4820aa0,in_progress,11,,2026-07-21T13:04:18.304699,
2f788213-c96a-440f-8387-94d5cb07817d,a0e0d9ec-5ca1-49a8-82ea-8b5067ac3d31,f9fa5aa5-5d68-4596-b292-a0a88494e966,completed,100,79,2026-07-21T13:04:18.304708,2026-09-09T13:04:18.304711
39494ffa-ede3-438d-a31f-7d8b148ba549,a89dce54-d60c-4655-b594-b454945f0748,ee16a668-6361-4736-9b8c-c789ba6e20ab,completed,100,83,2026-07-21T13:04:18.304807,2026-09-09T13:04:18.304810
e473899a-c87a-42cd-a639-2e83d2da4c13,a89dce54-d60c-4655-b594-b454945f0748,f302fe3e-31c5-4915-808e-410a682f704c,in_progress,42,,2026-07-21T13:04:18.304818,
f214a2f8-bf0b-46fb-b87b-c5c7d9203ca9,a89dce54-d60c-4655-b594-b454945f0748,c5214322-4a8b-4d12-9c14-cf5359e47ac6,completed,100,75,2026-07-21T13:04:18.304827,2026-09-09T13:04:18.304829
2ce14c7b-ffd6-4e8c-9612-d58a9f90fccb,ad4423b9-25c9-4315-ab1a-4b001dc1aedc,b26daf8f-6044-49d8-ae67-05f917958d40,not_started,0,,,
6386d1e6-f200-406e-b226-ed1344f0819a,ad4423b9-25c9-4315-ab1a-4b001dc1aedc,3a78d3a8-767b-4c57-ad89-199033ebade5,completed,100,86,2026-07-21T13:04:18.304930,2026-09-09T13:04:18.304933
34b5da36-7d7a-4275-af90-ee86d8fd3650,ad4423b9-25c9-4315-ab1a-4b001dc1aedc,c5214322-4a8b-4d12-9c14-cf5359e47ac6,completed,100,79,2026-07-21T13:04:18.304945,2026-09-09T13:04:18.304948
271fdafd-fa02-4df7-bcb4-eaf9bc0eb7ce,70bd2d91-62d0-45ec-90c6-bc08f8afe956,fd7f160b-d24b-4d54-963c-ec5f364869da,in_progress,88,,2026-07-21T13:04:18.306344,
2b325bad-ed25-4c86-b812-5566a29edb13,70bd2d91-62d0-45ec-90c6-bc08f8afe956,b821b3d2-19c4-4502-9801-72d436fccf1d,not_started,0,,,
8c2ff1ef-586d-4953-8400-7d41fa20de6b,f32fbbce-660a-4f8b-9d76-6abef2a0c3f8,403cef52-903e-4e6b-8020-8a1073931942,in_progress,40,,2026-07-21T13:04:18.306495,
43eaa832-1a03-4de9-b710-ab58d39196f5,f32fbbce-660a-4f8b-9d76-6abef2a0c3f8,81dd0ee3-e10b-4101-8dff-4519feb3505e,in_progress,22,,2026-07-21T13:04:18.306504,
2cd154ce-d05f-410a-908d-0d146da6cc60,f32fbbce-660a-4f8b-9d76-6abef2a0c3f8,c5214322-4a8b-4d12-9c14-cf5359e47ac6,completed,100,86,2026-07-21T13:04:18.306516,2026-09-09T13:04:18.306519
48d759ab-7e47-4cc9-b872-7785458956de,7aafb11e-8b52-4941-8d1c-29706027bb1e,f302fe3e-31c5-4915-808e-410a682f704c,in_progress,68,,2026-07-21T13:04:18.306629,
27bf3145-83e5-44b1-8cf0-ff52ee27752f,7aafb11e-8b52-4941-8d1c-29706027bb1e,b26daf8f-6044-49d8-ae67-05f917958d40,completed,100,75,2026-07-21T13:04:18.306637,2026-09-09T13:04:18.306639
39d68238-16d6-42e9-9b9d-495ac569c751,7aafb11e-8b52-4941-8d1c-29706027bb1e,f9fa5aa5-5d68-4596-b292-a0a88494e966,not_started,0,,,
9687ae0f-807e-48a6-9e5c-7fd58a30d205,14edcebd-81df-44fb-808a-c95961cb71f6,b9577610-7cbc-4051-b5e3-027a5b1b134f,not_started,0,,,
66f1007f-6e1b-4baa-bfd2-ca406b6bd9eb,e10c929d-3d21-42f6-b39c-6f809b43f214,fd7f160b-d24b-4d54-963c-ec5f364869da,not_started,0,,,
8e092e88-fb43-4b68-a8bf-95b32480953a,e10c929d-3d21-42f6-b39c-6f809b43f214,80cd8535-077e-447a-bcd9-f9ed32fd175d,in_progress,63,,2026-07-21T13:04:18.307156,
adbaf964-c621-428b-951f-d33d5a0f3d38,e10c929d-3d21-42f6-b39c-6f809b43f214,f9fa5aa5-5d68-4596-b292-a0a88494e966,in_progress,53,,2026-07-21T13:04:18.307176,
1e2aafe1-e8d8-45ee-9d20-094650ed1332,5a9db32c-53d7-4582-9966-698d72c14860,b821b3d2-19c4-4502-9801-72d436fccf1d,completed,100,92,2026-07-21T13:04:18.307541,2026-09-09T13:04:18.307551
8ddeb4db-695b-477e-a4ee-0d6c9bcfbc39,5a9db32c-53d7-4582-9966-698d72c14860,f302fe3e-31c5-4915-808e-410a682f704c,completed,100,100,2026-07-21T13:04:18.307573,2026-09-09T13:04:18.307578
e3411b6e-5c34-4291-99fa-ddd24c031063,d6414071-d668-4785-a677-1f7003c03070,f9fa5aa5-5d68-4596-b292-a0a88494e966,in_progress,28,,2026-07-21T13:04:18.307920,
b870d323-f666-4869-9685-0df2cc2e1a95,d6414071-d668-4785-a677-1f7003c03070,81dd0ee3-e10b-4101-8dff-4519feb3505e,not_started,0,,,
b9c21db1-0f7f-4088-ad31-ef31f469274a,d6414071-d668-4785-a677-1f7003c03070,403cef52-903e-4e6b-8020-8a1073931942,not_started,0,,,
bdc2a535-e15d-45c4-ab02-af1ac206dc7d,2149d0ee-0b68-439f-a757-ac04ff9a5454,b9577610-7cbc-4051-b5e3-027a5b1b134f,not_started,0,,,
cbcecbbf-c429-4b6f-ae72-86516c2fd9cc,2149d0ee-0b68-439f-a757-ac04ff9a5454,f9fa5aa5-5d68-4596-b292-a0a88494e966,in_progress,23,,2026-07-21T13:04:18.308501,
c3757714-60de-4b2e-8fef-6e272f99848c,2149d0ee-0b68-439f-a757-ac04ff9a5454,ee16a668-6361-4736-9b8c-c789ba6e20ab,in_progress,20,,2026-07-21T13:04:18.308534,
bffa197d-292f-4408-9e85-e56e0829e1a6,376f790b-e9cf-4987-af09-2ba3e553527c,b9577610-7cbc-4051-b5e3-027a5b1b134f,not_started,0,,,
94618ba2-47ee-4112-9576-a0b38e31124f,376f790b-e9cf-4987-af09-2ba3e553527c,81dd0ee3-e10b-4101-8dff-4519feb3505e,not_started,0,,,
15e351f6-c6ad-4380-a8a4-3544c83dec11,da36736f-758d-47f2-8b5f-f41be4f5b1cc,b9577610-7cbc-4051-b5e3-027a5b1b134f,in_progress,80,,2026-07-21T13:04:18.308974,
384e1a41-eef8-49b2-a6b0-e9080234d695,0a107801-27d7-4221-863d-61900317b6f9,9eb91b97-0a69-4a72-b322-fe27e3bba47d,not_started,0,,,
f4d6915a-27ba-4abb-bdfa-5dcab5a13380,0a107801-27d7-4221-863d-61900317b6f9,ee16a668-6361-4736-9b8c-c789ba6e20ab,in_progress,70,,2026-07-21T13:04:18.309267,
66613cc1-4da7-4c91-a9c8-e28b010af549,0a107801-27d7-4221-863d-61900317b6f9,c92f47ae-6c01-4fae-8adc-2d882a1973d0,completed,100,79,2026-07-21T13:04:18.309287,2026-09-09T13:04:18.309312
ef2ee2ef-7d97-4d96-9f7a-d09bc5cb09c5,0b58d113-b3d5-454a-b54e-d2e80798b717,c92f47ae-6c01-4fae-8adc-2d882a1973d0,in_progress,33,,2026-07-21T13:04:18.309475,
45e369cf-3047-46e0-9a60-27f97933a9d8,6bc14927-5f65-4650-9fef-871c381b7c11,c5214322-4a8b-4d12-9c14-cf5359e47ac6,not_started,0,,,
f1452308-1ec2-4c5c-a1b9-1314b7408abe,6bc14927-5f65-4650-9fef-871c381b7c11,b9577610-7cbc-4051-b5e3-027a5b1b134f,not_started,0,,,
4320d9cf-738b-4bb9-b5de-89c70b39af80,6bc14927-5f65-4650-9fef-871c381b7c11,d49f2b1e-7162-4fc3-867b-cc27977a3534,completed,100,99,2026-07-21T13:04:18.309644,2026-09-09T13:04:18.309655
e3e53b9d-c471-4b42-8a98-a1940f6df407,20eb45ec-67d7-465f-80c1-6421f8b89faf,9eb91b97-0a69-4a72-b322-fe27e3bba47d,completed,100,84,2026-07-21T13:04:18.309854,2026-09-09T13:04:18.309860
bf278218-7561-45ea-91b2-27a9f1d23d54,d99e7fa8-2109-4f28-9bb0-49f9bc6c82ee,f302fe3e-31c5-4915-808e-410a682f704c,completed,100,86,2026-07-21T13:04:18.310005,2026-09-09T13:04:18.310012
72a47919-8651-4272-ad72-c8f367ccd709,d5aaa610-3409-4472-875b-ca6fd19ef791,c5214322-4a8b-4d12-9c14-cf5359e47ac6,completed,100,84,2026-07-21T13:04:18.310153,2026-09-09T13:04:18.310159
bea8695f-3995-49e9-ad66-7e9b90cfbff6,d5aaa610-3409-4472-875b-ca6fd19ef791,81dd0ee3-e10b-4101-8dff-4519feb3505e,completed,100,90,2026-07-21T13:04:18.310174,2026-09-09T13:04:18.310179
daa4448c-2533-4047-b319-a47e1d0e98c0,8c36cfa8-84cc-4c0a-87e0-ceda9b35c835,ee16a668-6361-4736-9b8c-c789ba6e20ab,in_progress,60,,2026-07-21T13:04:18.310353,
10000659-1d39-4489-9e5e-d14860c109ea,8c36cfa8-84cc-4c0a-87e0-ceda9b35c835,80cd8535-077e-447a-bcd9-f9ed32fd175d,completed,100,98,2026-07-21T13:04:18.310370,2026-09-09T13:04:18.310375
ae603105-9963-4c3c-be1c-a93600e2729b,8c36cfa8-84cc-4c0a-87e0-ceda9b35c835,c92f47ae-6c01-4fae-8adc-2d882a1973d0,in_progress,77,,2026-07-21T13:04:18.310389,
69657e06-453b-4048-babd-f588e0be72af,e30e9971-5c08-432d-bc5f-8c4c2765dedd,3a78d3a8-767b-4c57-ad89-199033ebade5,not_started,0,,,
47ccca6e-0684-4f85-bdd4-95b400dc3ea2,e30e9971-5c08-432d-bc5f-8c4c2765dedd,80cd8535-077e-447a-bcd9-f9ed32fd175d,completed,100,92,2026-07-21T13:04:18.310578,2026-09-09T13:04:18.310584
6978f3d2-04e3-4136-971a-eedcdab637ad,e30e9971-5c08-432d-bc5f-8c4c2765dedd,a22d4dfa-88e7-4c75-999f-69e52a13f304,in_progress,26,,2026-07-21T13:04:18.310599,
c6769adc-9173-4739-b1b9-80e98d2a238a,e8ebc110-8275-477f-a0cb-5f443f25ac09,60a64b4d-267c-4019-a4ad-d360e6ac7cfa,in_progress,68,,2026-07-21T13:04:18.310786,
d886fedf-8fb8-4c71-bcd2-6f319d362861,d3010204-a6b6-430e-8de1-c089f5c97186,fd7f160b-d24b-4d54-963c-ec5f364869da,in_progress,74,,2026-07-21T13:04:18.310939,
b4828aae-0c9e-4c93-8328-ec60e4430024,d3010204-a6b6-430e-8de1-c089f5c97186,80cd8535-077e-447a-bcd9-f9ed32fd175d,in_progress,40,,2026-07-21T13:04:18.310956,
8a6b22d7-4871-4252-a7eb-f52ec1cb71b9,7fcb9a27-2d5e-4e90-acd8-953d5046f0c2,ee16a668-6361-4736-9b8c-c789ba6e20ab,completed,100,85,2026-07-21T13:04:18.311147,2026-09-09T13:04:18.311152
a84ac03d-74be-4645-afd5-458c01616a2a,ca2f1a7d-82f2-490f-ad83-21a7011ae9ee,a22d4dfa-88e7-4c75-999f-69e52a13f304,completed,100,82,2026-07-21T13:04:18.311346,2026-09-09T13:04:18.311353
bf253d1b-9893-4d64-b177-c8bf60a55a85,ca2f1a7d-82f2-490f-ad83-21a7011ae9ee,c92f47ae-6c01-4fae-8adc-2d882a1973d0,completed,100,76,2026-07-21T13:04:18.311367,2026-09-09T13:04:18.311372
71cc011b-5867-4ca4-b67e-0b1e71af2d96,c2f51815-6d15-4791-a5b6-f03f440f46ae,81dd0ee3-e10b-4101-8dff-4519feb3505e,in_progress,71,,2026-07-21T13:04:18.311545,
194730fb-1ab1-4684-be2b-37b07039a227,c2f51815-6d15-4791-a5b6-f03f440f46ae,b9577610-7cbc-4051-b5e3-027a5b1b134f,in_progress,81,,2026-07-21T13:04:18.311562,
ec103e0c-fb20-4e41-b9ff-dcd0c374a679,6c22f6a6-0fd1-4be8-9ce0-816706f56e44,ee16a668-6361-4736-9b8c-c789ba6e20ab,not_started,0,,,
ba81fd6d-4cb9-4716-9fac-c28aa807c33b,6c22f6a6-0fd1-4be8-9ce0-816706f56e44,fd7f160b-d24b-4d54-963c-ec5f364869da,in_progress,70,,2026-07-21T13:04:18.311740,
a7b81c5e-8e5d-4d1e-ba4b-a04cd83bf440,6c22f6a6-0fd1-4be8-9ce0-816706f56e44,b821b3d2-19c4-4502-9801-72d436fccf1d,in_progress,35,,2026-07-21T13:04:18.311764,
c033bf76-e96c-4f01-9f35-ac323950867b,d66cd70c-978e-46cc-a871-1b2e00f11a3c,a22d4dfa-88e7-4c75-999f-69e52a13f304,completed,100,85,2026-07-21T13:04:18.311971,2026-09-09T13:04:18.311977
e625fa86-36de-4662-a33e-be6cda10d622,d66cd70c-978e-46cc-a871-1b2e00f11a3c,d49f2b1e-7162-4fc3-867b-cc27977a3534,in_progress,82,,2026-07-21T13:04:18.311992,
14cbae4c-ed53-423a-b1a6-9b96e8f7d88c,d66cd70c-978e-46cc-a871-1b2e00f11a3c,fd7f160b-d24b-4d54-963c-ec5f364869da,completed,100,99,2026-07-21T13:04:18.312007,2026-09-09T13:04:18.312012
8f8f6e93-500e-4882-a0a9-1fd38167e518,aab02f87-cbe0-44f1-ab2a-4a46d9034c1b,a4005214-fea8-46f4-8b95-1e4ff4820aa0,not_started,0,,,
524dc41d-07ba-4489-b239-564a735f8d34,aab02f87-cbe0-44f1-ab2a-4a46d9034c1b,c5214322-4a8b-4d12-9c14-cf5359e47ac6,in_progress,74,,2026-07-21T13:04:18.313064,
bf9f749d-fc63-40f1-a87f-26a7c61392ab,aab02f87-cbe0-44f1-ab2a-4a46d9034c1b,3a78d3a8-767b-4c57-ad89-199033ebade5,completed,100,99,2026-07-21T13:04:18.313095,2026-09-09T13:04:18.313101
4ba48dae-15eb-476e-b9fd-2e737e894971,891f60b2-6e50-44ad-a112-b0ce4f470de6,b26daf8f-6044-49d8-ae67-05f917958d40,completed,100,91,2026-07-21T13:04:18.313420,2026-09-09T13:04:18.313426
7437af4f-9fd9-4074-b12a-fd534138f643,b082f688-19fe-4760-819c-ca3b4dc1ce16,80cd8535-077e-447a-bcd9-f9ed32fd175d,in_progress,18,,2026-07-21T13:04:18.313614,
07e3ddcd-c143-4f72-854c-5e4209eb65a6,b082f688-19fe-4760-819c-ca3b4dc1ce16,b26daf8f-6044-49d8-ae67-05f917958d40,completed,100,76,2026-07-21T13:04:18.313631,2026-09-09T13:04:18.313636
90883ae0-964e-4e50-b8dc-532896290bb7,b082f688-19fe-4760-819c-ca3b4dc1ce16,c2728de9-c43e-4c45-a8e7-851c9646b3d9,not_started,0,,,
b9efe5d2-b96f-4dbd-ad4c-ed6095d05659,b873acd2-f505-40d2-affa-d65e2ac466a3,b26daf8f-6044-49d8-ae67-05f917958d40,in_progress,66,,2026-07-21T13:04:18.313824,
1d31b748-a672-4c64-8867-e59e5dc09dd3,b873acd2-f505-40d2-affa-d65e2ac466a3,f302fe3e-31c5-4915-808e-410a682f704c,not_started,0,,,
1ea38a82-77f9-4ba1-8c31-a0a38eb72f62,b873acd2-f505-40d2-affa-d65e2ac466a3,11274be8-4079-4d01-ad85-e863226d9b7b,completed,100,81,2026-07-21T13:04:18.313853,2026-09-09T13:04:18.313859
9bc6aa3b-5ca8-480b-bf08-9d0cb573d6c2,90379838-c371-4977-83e3-42bbc6ec9ebd,f302fe3e-31c5-4915-808e-410a682f704c,in_progress,28,,2026-07-21T13:04:18.314095,
4c81e9f6-5137-4796-adca-d633c789d523,db69df78-a295-4506-8453-8b8eb7e4a70b,403cef52-903e-4e6b-8020-8a1073931942,in_progress,75,,2026-07-21T13:04:18.314298,
f2e9ff0e-37f8-422a-9d16-3f2b5b0ea2e6,db69df78-a295-4506-8453-8b8eb7e4a70b,3a78d3a8-767b-4c57-ad89-199033ebade5,in_progress,69,,2026-07-21T13:04:18.314318,
c0c99fff-50ed-4546-bd7f-74519aba68ed,db69df78-a295-4506-8453-8b8eb7e4a70b,a22d4dfa-88e7-4c75-999f-69e52a13f304,not_started,0,,,
c9df8083-fda6-4637-a0c3-8af7f602ce91,9d3bcef2-0760-49cc-93d6-d17708197b42,b821b3d2-19c4-4502-9801-72d436fccf1d,completed,100,76,2026-07-21T13:04:18.314513,2026-09-09T13:04:18.314519
e30f210f-cfc0-4cc8-a21a-909070f32988,20fc1f8a-769e-4c70-96b5-7d1f1ea83d88,3a78d3a8-767b-4c57-ad89-199033ebade5,completed,100,77,2026-07-21T13:04:18.314782,2026-09-09T13:04:18.314788
88d2bb62-60fa-40e0-8d7e-aa257bd49289,3f49b4ed-a19b-4a48-9e35-4f1f1da35b98,f302fe3e-31c5-4915-808e-410a682f704c,in_progress,87,,2026-07-21T13:04:18.315022,
ca5d9fe9-8823-456d-9467-be000dd6a714,3f49b4ed-a19b-4a48-9e35-4f1f1da35b98,80cd8535-077e-447a-bcd9-f9ed32fd175d,completed,100,94,2026-07-21T13:04:18.315040,2026-09-09T13:04:18.315045
53df8781-3837-4f99-8686-666b1092c516,31e7d38f-99be-45be-9fac-e2bcd3b5fb40,fd7f160b-d24b-4d54-963c-ec5f364869da,in_progress,59,,2026-07-21T13:04:18.315238,
ba9c462b-ce57-4344-af23-7fd611dcd019,31e7d38f-99be-45be-9fac-e2bcd3b5fb40,3a78d3a8-767b-4c57-ad89-199033ebade5,not_started,0,,,
b27e5d16-acea-4b49-808b-49b46d1012ad,a5ba03da-e2f5-45cf-be55-1af374639a93,d49f2b1e-7162-4fc3-867b-cc27977a3534,in_progress,47,,2026-07-21T13:04:18.315498,
cdedcddb-fad6-4d76-a3b1-442181501735,a5ba03da-e2f5-45cf-be55-1af374639a93,60a64b4d-267c-4019-a4ad-d360e6ac7cfa,completed,100,97,2026-07-21T13:04:18.315524,2026-09-09T13:04:18.315530
723df278-4b76-4e66-9e9e-6f3e5910691f,d133ac64-cde0-4615-aa09-317c7b7c656f,f302fe3e-31c5-4915-808e-410a682f704c,completed,100,79,2026-07-21T13:04:18.315703,2026-09-09T13:04:18.315710
fe23cde9-80ca-4834-9473-2ea86fb805a9,d133ac64-cde0-4615-aa09-317c7b7c656f,a22d4dfa-88e7-4c75-999f-69e52a13f304,completed,100,88,2026-07-21T13:04:18.315725,2026-09-09T13:04:18.315729
47f27016-0b81-4147-897e-0e89ac789ea8,159dc7f4-4482-4cef-9ec9-2f5caea2d261,f9fa5aa5-5d68-4596-b292-a0a88494e966,in_progress,54,,2026-07-21T13:04:18.315930,
a8648b2c-fdb9-4d1f-bb07-f6ef3ab6e41c,dd66421a-d3a3-418b-af3c-b69a6c05a133,c2728de9-c43e-4c45-a8e7-851c9646b3d9,completed,100,81,2026-07-21T13:04:18.316145,2026-09-09T13:04:18.316151
605904a9-d582-41d3-9e70-3b7277e0f58d,dd66421a-d3a3-418b-af3c-b69a6c05a133,60a64b4d-267c-4019-a4ad-d360e6ac7cfa,not_started,0,,,
a59fa02d-ede8-41f9-a5a1-f9ddce9c8ccd,dd66421a-d3a3-418b-af3c-b69a6c05a133,fd7f160b-d24b-4d54-963c-ec5f364869da,in_progress,18,,2026-07-21T13:04:18.316183,
cfb670a0-457d-4dd2-8f9c-31268ed93e36,69b17375-fe97-4ff4-adab-573666c1671c,a4005214-fea8-46f4-8b95-1e4ff4820aa0,in_progress,28,,2026-07-21T13:04:18.316346,
afc75ee0-bc86-489e-b46c-fb2a3ddebb67,69b17375-fe97-4ff4-adab-573666c1671c,d49f2b1e-7162-4fc3-867b-cc27977a3534,completed,100,87,2026-07-21T13:04:18.316363,2026-09-09T13:04:18.316368
4739a7e2-f447-4cd7-be77-7ae7238f475a,3ed9120a-6c58-4cf1-a302-84b31726a528,3a78d3a8-767b-4c57-ad89-199033ebade5,not_started,0,,,
459fcf52-27a3-496a-afbe-c5601c2e130c,e3773936-d600-4048-ae4b-04d658d22e5c,f302fe3e-31c5-4915-808e-410a682f704c,not_started,0,,,
d3ed6c1d-0857-45c7-b631-1ebced720e81,ef9fc64e-091e-4d0a-ae30-37af737db175,c5214322-4a8b-4d12-9c14-cf5359e47ac6,in_progress,84,,2026-07-21T13:04:18.316966,
caeefe44-1193-470f-a30f-10f45449ef3b,ef9fc64e-091e-4d0a-ae30-37af737db175,b9577610-7cbc-4051-b5e3-027a5b1b134f,not_started,0,,,
e8447ec8-1043-4c26-82e7-40edb0cc2747,871be211-c5ee-4705-9d6d-686c8bc06f4a,ee16a668-6361-4736-9b8c-c789ba6e20ab,completed,100,84,2026-07-21T13:04:18.317156,2026-09-09T13:04:18.317162
1565f030-529a-49d4-b0cb-df5ad6ad2440,10af4015-5270-4ab5-a450-be7312c62933,403cef52-903e-4e6b-8020-8a1073931942,completed,100,98,2026-07-21T13:04:18.317353,2026-09-09T13:04:18.317360
2e96d01a-531a-4aaa-aea5-ae5b93f3a1ca,10af4015-5270-4ab5-a450-be7312c62933,81dd0ee3-e10b-4101-8dff-4519feb3505e,not_started,0,,,
5a6df58b-cb9e-49fd-a00d-b351ae620594,748d4076-e606-4ced-98a1-e902191bb47b,b9577610-7cbc-4051-b5e3-027a5b1b134f,in_progress,24,,2026-07-21T13:04:18.317594,
0d778f99-700c-4c18-b88b-7ad12e1b447c,97a9952c-4bd6-4c86-b9ad-bc40c63c80c0,f9fa5aa5-5d68-4596-b292-a0a88494e966,completed,100,87,2026-07-21T13:04:18.317765,2026-09-09T13:04:18.317770
537fe70b-b594-484c-acf6-fb0e191e00a1,97a9952c-4bd6-4c86-b9ad-bc40c63c80c0,c2728de9-c43e-4c45-a8e7-851c9646b3d9,not_started,0,,,
62b9d732-8772-4ae7-ab80-7779bf07dc58,97a9952c-4bd6-4c86-b9ad-bc40c63c80c0,c92f47ae-6c01-4fae-8adc-2d882a1973d0,completed,100,92,2026-07-21T13:04:18.317794,2026-09-09T13:04:18.317799
f51b4472-0ced-4c09-91e9-e2cd752ec85a,38d018e7-e85c-4774-95f7-1159738dd6df,b9577610-7cbc-4051-b5e3-027a5b1b134f,in_progress,76,,2026-07-21T13:04:18.318036,
f0c0158c-fa38-4a37-8f95-a8ec1c0a2b07,422735f2-7393-4a92-8be3-fa68ce24423b,c2728de9-c43e-4c45-a8e7-851c9646b3d9,completed,100,85,2026-07-21T13:04:18.318214,2026-09-09T13:04:18.318220
1831ad2b-6d70-413b-9c27-8618fc1d80ab,df0c309f-ddcf-4891-bc34-faefa5b588fd,c92f47ae-6c01-4fae-8adc-2d882a1973d0,not_started,0,,,
40abe1af-7564-4bbe-a02e-cc678fc45906,df0c309f-ddcf-4891-bc34-faefa5b588fd,b9577610-7cbc-4051-b5e3-027a5b1b134f,completed,100,92,2026-07-21T13:04:18.318460,2026-09-09T13:04:18.318466
090650cc-de58-4d54-9563-faf19ab3798e,174774d0-3477-46b6-8e67-74f2da86dbef,80cd8535-077e-447a-bcd9-f9ed32fd175d,completed,100,79,2026-07-21T13:04:18.318635,2026-09-09T13:04:18.318640
8f5e8934-18ab-4091-a53e-64f7b81ce720,174774d0-3477-46b6-8e67-74f2da86dbef,c92f47ae-6c01-4fae-8adc-2d882a1973d0,completed,100,87,2026-07-21T13:04:18.318656,2026-09-09T13:04:18.318660
55f1e72c-df5a-4945-a8da-217cca57827c,174774d0-3477-46b6-8e67-74f2da86dbef,a4005214-fea8-46f4-8b95-1e4ff4820aa0,not_started,0,,,
f17a2cc3-3707-44ea-bd6d-efb18c26da07,c4a71295-cf7b-448a-aa25-8635c899692f,c5214322-4a8b-4d12-9c14-cf5359e47ac6,completed,100,92,2026-07-21T13:04:18.318930,2026-09-09T13:04:18.318940
d761e4cf-256c-447e-8c47-0fa1644b8895,c4a71295-cf7b-448a-aa25-8635c899692f,b821b3d2-19c4-4502-9801-72d436fccf1d,not_started,0,,,
6105c950-82d2-4716-86ab-06383756ffe1,e1521996-0557-444b-a09e-1954a95b05be,11274be8-4079-4d01-ad85-e863226d9b7b,completed,100,94,2026-07-21T13:04:18.319206,2026-09-09T13:04:18.319213
8515a276-b43b-4886-b975-0cfa42857240,6e8ee2d8-596e-48d2-a715-b59b040e64d9,b26daf8f-6044-49d8-ae67-05f917958d40,completed,100,86,2026-07-21T13:04:18.319470,2026-09-09T13:04:18.319476
0cd299c0-5a8b-4576-ab37-f5af074972bd,6e8ee2d8-596e-48d2-a715-b59b040e64d9,b9577610-7cbc-4051-b5e3-027a5b1b134f,completed,100,82,2026-07-21T13:04:18.319492,2026-09-09T13:04:18.319496
b13de0dc-100e-4556-b98b-fbc85afb465c,721009c8-f69c-418a-81af-4bc134974563,f9fa5aa5-5d68-4596-b292-a0a88494e966,in_progress,19,,2026-07-21T13:04:18.319729,
a40d6798-d1fe-4c6d-9dc9-e4741310ee87,2918579a-aa13-4331-9697-957bec0a0e4a,9eb91b97-0a69-4a72-b322-fe27e3bba47d,in_progress,28,,2026-07-21T13:04:18.319888,
6257d0a4-d109-4f44-bc54-6795561dae46,2918579a-aa13-4331-9697-957bec0a0e4a,f302fe3e-31c5-4915-808e-410a682f704c,in_progress,19,,2026-07-21T13:04:18.319904,
f3409d98-5e5e-4857-8a67-052c99ac0cd7,2918579a-aa13-4331-9697-957bec0a0e4a,a4005214-fea8-46f4-8b95-1e4ff4820aa0,not_started,0,,,
3fcec0f2-80f4-45b1-98fa-4273bab22195,b7e3a441-015a-481d-a64b-ff32d0080f84,80cd8535-077e-447a-bcd9-f9ed32fd175d,completed,100,77,2026-07-21T13:04:18.320164,2026-09-09T13:04:18.320170
a3c19fad-6acf-4288-86d1-01acc176c2d8,e12846ff-3426-4ce3-ba39-808b5a608ea2,fd7f160b-d24b-4d54-963c-ec5f364869da,not_started,0,,,
ddfe8b46-e093-4e32-8777-687e0a36583f,e12846ff-3426-4ce3-ba39-808b5a608ea2,c2728de9-c43e-4c45-a8e7-851c9646b3d9,in_progress,90,,2026-07-21T13:04:18.320340,
23006a19-36d2-444c-8e8c-84d0d41e4fb6,b65cc510-dd85-4bd6-b8d9-55cb1df316de,c2728de9-c43e-4c45-a8e7-851c9646b3d9,completed,100,82,2026-07-21T13:04:18.320594,2026-09-09T13:04:18.320600
99c574c7-f1cd-4e39-9330-1ba90bd4b767,b65cc510-dd85-4bd6-b8d9-55cb1df316de,b821b3d2-19c4-4502-9801-72d436fccf1d,in_progress,48,,2026-07-21T13:04:18.320615,
6630562e-99a4-47c4-9c38-92d2813a6e74,b65cc510-dd85-4bd6-b8d9-55cb1df316de,b9577610-7cbc-4051-b5e3-027a5b1b134f,not_started,0,,,
272ace86-dbf5-4863-8938-412575198000,6ebf6786-0ea1-4c5f-824a-1c45094bcfea,f9fa5aa5-5d68-4596-b292-a0a88494e966,not_started,0,,,
e45ef932-e733-4853-8590-b088351511c4,6ebf6786-0ea1-4c5f-824a-1c45094bcfea,c5214322-4a8b-4d12-9c14-cf5359e47ac6,completed,100,94,2026-07-21T13:04:18.320870,2026-09-09T13:04:18.320876
79666f19-05dd-488f-9274-803a4e2c8827,865834ac-cf65-4d53-b53f-20358b2a613a,a4005214-fea8-46f4-8b95-1e4ff4820aa0,not_started,0,,,
83ab4b5f-582a-40d9-9db5-9ce6a60e5823,865834ac-cf65-4d53-b53f-20358b2a613a,f302fe3e-31c5-4915-808e-410a682f704c,in_progress,66,,2026-07-21T13:04:18.321140,
83545ed9-5718-4d3b-8950-c770e6593da4,cadad437-fa64-499a-8495-062731233477,c92f47ae-6c01-4fae-8adc-2d882a1973d0,in_progress,54,,2026-07-21T13:04:18.321319,
00d1153f-44bd-4732-b7e9-08ea90570f39,cadad437-fa64-499a-8495-062731233477,b821b3d2-19c4-4502-9801-72d436fccf1d,not_started,0,,,
f61119bc-c69a-4b56-9e55-81076fc62a8e,ab4b737e-1705-463e-a9da-d468aa42ae5f,a22d4dfa-88e7-4c75-999f-69e52a13f304,not_started,0,,,
52253f39-cf7b-4b5d-bbec-46d9a0250f68,ab4b737e-1705-463e-a9da-d468aa42ae5f,3a78d3a8-767b-4c57-ad89-199033ebade5,not_started,0,,,
b022581a-1936-448f-9e7c-dce51e71cb74,5186ef51-263e-4947-8016-72c4cbbce0ca,f9fa5aa5-5d68-4596-b292-a0a88494e966,not_started,0,,,
8f2c5986-25c1-4c21-859f-882e5a25980d,0f1ffef1-9033-46e2-9a7f-7800c5b806b5,81dd0ee3-e10b-4101-8dff-4519feb3505e,completed,100,99,2026-07-21T13:04:18.322131,2026-09-09T13:04:18.322136
7dc5399a-9690-4ed0-8362-82fa471899a0,0f1ffef1-9033-46e2-9a7f-7800c5b806b5,d49f2b1e-7162-4fc3-867b-cc27977a3534,not_started,0,,,
d3b83527-0b6f-4afb-b09c-1f7f2065accf,d9afe184-ae36-4e55-86e4-7ce7e2dc445a,3a78d3a8-767b-4c57-ad89-199033ebade5,in_progress,68,,2026-07-21T13:04:18.322400,
1ba01326-01b3-4c14-a18a-e04443c4765e,108943a4-5591-4c8e-b49e-a78192d20d9e,a22d4dfa-88e7-4c75-999f-69e52a13f304,completed,100,76,2026-07-21T13:04:18.322582,2026-09-09T13:04:18.322587
bc06d700-bf21-4735-a887-08b30be3705b,108943a4-5591-4c8e-b49e-a78192d20d9e,b821b3d2-19c4-4502-9801-72d436fccf1d,completed,100,78,2026-07-21T13:04:18.322602,2026-09-09T13:04:18.322606
2aed9b3d-5f16-4fa7-a3fc-c8fd816e1c0a,108943a4-5591-4c8e-b49e-a78192d20d9e,b26daf8f-6044-49d8-ae67-05f917958d40,completed,100,75,2026-07-21T13:04:18.322621,2026-09-09T13:04:18.322625
e030bc5d-ffc5-4a4a-9985-7a59c5ca95ce,1a401d12-1f70-4b5e-b0e1-e17adce507b8,f302fe3e-31c5-4915-808e-410a682f704c,not_started,0,,,
b7eae9ed-65c3-449a-b633-547cef801206,1a401d12-1f70-4b5e-b0e1-e17adce507b8,fd7f160b-d24b-4d54-963c-ec5f364869da,completed,100,77,2026-07-21T13:04:18.322906,2026-09-09T13:04:18.322911
98a00073-0a89-43c0-abe6-e8541d2bc6d8,84c779d6-f8c9-4919-8085-aa721f6c8b98,ee16a668-6361-4736-9b8c-c789ba6e20ab,completed,100,95,2026-07-21T13:04:18.323155,2026-09-09T13:04:18.323161
40b44d86-2e83-4d3a-b446-a39c2237f202,e349b2e3-b21a-41cf-9190-51dbb1f85cb5,9eb91b97-0a69-4a72-b322-fe27e3bba47d,completed,100,96,2026-07-21T13:04:18.323445,2026-09-09T13:04:18.323451
1e352093-6388-4eb3-a70a-50caeb13d77c,e349b2e3-b21a-41cf-9190-51dbb1f85cb5,fd7f160b-d24b-4d54-963c-ec5f364869da,completed,100,99,2026-07-21T13:04:18.323465,2026-09-09T13:04:18.323470
ef6915ce-075e-4b9e-91ce-94fb7f51bb4b,9971b3bd-707b-48d3-89e0-5a3f73e9a8bb,b26daf8f-6044-49d8-ae67-05f917958d40,not_started,0,,,
9016032a-8903-4bcc-84c7-8e70118b40e7,9971b3bd-707b-48d3-89e0-5a3f73e9a8bb,f9fa5aa5-5d68-4596-b292-a0a88494e966,completed,100,95,2026-07-21T13:04:18.323648,2026-09-09T13:04:18.323654
7376a3aa-a3b6-4a7d-b85b-b235f3c80e6a,d95c9534-cd43-495c-80f6-b6fcc44c93ce,3a78d3a8-767b-4c57-ad89-199033ebade5,completed,100,86,2026-07-21T13:04:18.325302,2026-09-09T13:04:18.325307
14e1724b-86e0-48c5-9fcd-0f09c0f7c4f2,d95c9534-cd43-495c-80f6-b6fcc44c93ce,b821b3d2-19c4-4502-9801-72d436fccf1d,completed,100,78,2026-07-21T13:04:18.325314,2026-09-09T13:04:18.325316
bdc01497-f9e4-44e4-a6a4-d9b8d9be1bb1,d868370d-82ad-4c4a-857f-7e8339f59841,b9577610-7cbc-4051-b5e3-027a5b1b134f,completed,100,93,2026-07-21T13:04:18.325415,2026-09-09T13:04:18.325417
c5d3d695-f705-4afa-a605-feff92f3ef8b,d868370d-82ad-4c4a-857f-7e8339f59841,f9fa5aa5-5d68-4596-b292-a0a88494e966,not_started,0,,,
1fbbc210-f9b6-4379-a9e1-2120d0af0a0f,d868370d-82ad-4c4a-857f-7e8339f59841,d49f2b1e-7162-4fc3-867b-cc27977a3534,completed,100,79,2026-07-21T13:04:18.325428,2026-09-09T13:04:18.325429
c2bf4049-b5a2-4132-8252-988e9d60b44c,2a3014fa-df34-4881-a735-57691d546152,d49f2b1e-7162-4fc3-867b-cc27977a3534,completed,100,92,2026-07-21T13:04:18.325515,2026-09-09T13:04:18.325516
